Priority,Week,Issue,Title,Area,Category,Effort,Impact,Status,Dependencies,Notes
P1,5-6,#974,MultiModelValidationService (GPT-4 + Claude),Backend,Validation,1w,High,Open,None,Consensus-based validation with 3 LLM providers
P1,6,#975,Consensus similarity calculation (≥0.90),Backend,Validation,3d,High,Open,#974,Cosine similarity for response consensus
P1,6-7,#973,Unit tests for 3 validation layers,Backend,Testing,2d,Medium,Open,#974 #975,Comprehensive unit tests for validation
P1,7,#976,Unit tests for consensus validation (18 tests),Backend,Testing,2d,Medium,Open,#974 #975,18 specific test scenarios
P1,8,#977,Wire all 5 validation layers in RAG pipeline,Backend,Integration,1w,High,Open,#974 #975 #973 #976,Integrate all validation layers
P1,8,#979,Performance optimization (parallel validation),Backend,Performance,3d,High,Open,#977,Parallel LLM calls and validation
P1,9,#978,End-to-end testing (Q→Validated Response),Backend,Testing,3d,High,Open,#977 #979,50+ E2E test scenarios
P1,9,#981,Accuracy baseline measurement (80%+ target),Backend,Quality,2d,High,Open,#978,Manual evaluation on 100 queries
P1,9,#980,Bug fixes for validation edge cases,Backend,Quality,2d,Medium,Open,#978 #981,Fix edge cases discovered during testing
P1,9,#982,Update ADRs with validation implementation,Docs,Documentation,1d,Low,Open,#974-981,ADR-005 and ADR-006 updates
P2,10,#1193,Improve Session Authorization and Rate Limiting,Backend,Security,3-4d,Medium,Open,None,Enhanced security for session management
P2,11,#NEW-001,Implement Redis Distributed Locking,Backend,Infrastructure,2d,Medium,Open,None,RedLock for multi-instance deployments
P2,12,#NEW-002,Implement API Request Batching,Backend,Performance,3d,Medium,Open,None,GraphQL-style request batching
P2,13,#NEW-003,Add Structured Logging with Context,Backend,Observability,2d,Medium,Open,None,Correlation IDs and user context
P2,10,#1098,Comprehensive Component Unit Tests,Frontend,Testing,1w,Medium,Open,None,90%+ test coverage for React components
P2,10,#1099,Landing Page Performance and UX,Frontend,Performance,4-5d,Medium,Open,None,Lighthouse score >95
P2,11,#1100,Keyboard Shortcuts System,Frontend,Feature,3-4d,Medium,Open,None,Command palette and 20+ shortcuts
P2,11,#864,Active Session Management UI,Frontend,Feature,4-5d,Medium,Open,None,View and revoke active sessions
P2,12,#865,Session History & Statistics,Frontend,Feature,3-4d,Medium,Open,#864,Login history and usage analytics
P2,12,#868,Agent Selection UI,Frontend,Feature,3-4d,Medium,Open,None,AI agent selection and configuration
P2,13,#869,Move Validation (RuleSpec v2 Integration),Backend,Validation,4-5d,Medium,Open,None,Frontend + backend move validation
P2,14,#NEW-004,Implement Offline Mode with Service Worker,Frontend,Feature,4d,Medium,Open,None,PWA offline capabilities
P2,14-15,#NEW-005,Add Italian Localization (i18n),Frontend,Localization,1w,High,Open,None,Full Italian language support
P2,15,#NEW-006,Implement Real-Time Notifications,Frontend,Feature,3d,Medium,Open,None,WebSocket push notifications
P1,10,#NEW-007,Implement Prometheus Metrics Export,Infrastructure,Monitoring,3d,High,Open,None,Custom application metrics
P1,11,#NEW-008,Setup Grafana Dashboards,Infrastructure,Monitoring,2d,High,Open,#NEW-007,5+ comprehensive dashboards
P2,11,#NEW-009,Implement Distributed Tracing with Jaeger,Infrastructure,Observability,3d,Medium,Open,None,OpenTelemetry tracing
P2,12,#NEW-010,Setup Horizontal Pod Autoscaling,Infrastructure,Scaling,3d,Medium,Open,None,Kubernetes HPA for 1-10 pods
P2,13,#NEW-011,Implement Blue-Green Deployment,Infrastructure,DevOps,4d,Medium,Open,None,Zero-downtime deployments
P1,14,#NEW-012,Setup Automated Backup & DR,Infrastructure,Reliability,3d,High,Open,None,Daily backups and disaster recovery
