"Category","Lines","CodeBlocks","HasObsolete","ObsoleteTerms","Path"
"KEEP","242","2","False","","INDEX.md"
"ARCHIVE","219","0","True","historical","README.md"
"REMOVE-CODE","509","9","False","","S3.md"
"ARCHIVE","240","1","True","legacy","SKILLS-REFERENCE.md"
"ARCHIVE","325","0","True","historical","01-architecture\README.md"
"ARCHIVE","410","4","True","superseded","01-architecture\adr\adr-001-hybrid-rag.md"
"REMOVE-CODE","412","9","False","","01-architecture\adr\adr-002-multilingual-embedding.md"
"ARCHIVE","304","5","True","superseded","01-architecture\adr\adr-003-pdf-processing.md"
"KEEP","330","2","False","","01-architecture\adr\adr-003b-unstructured-pdf.md"
"ARCHIVE","436","4","True","evolution","01-architecture\adr\adr-004-ai-agents.md"
"ARCHIVE","189","3","True","historical","01-architecture\adr\adr-004b-hybrid-llm.md"
"ARCHIVE","290","0","True","historical","01-architecture\adr\adr-005-cosine-similarity-consensus.md"
"REMOVE-CODE","719","14","False","","01-architecture\adr\adr-006-multi-layer-validation.md"
"ARCHIVE","189","3","True","historical","01-architecture\adr\adr-007-hybrid-llm.md"
"ARCHIVE","211","3","True","legacy","01-architecture\adr\adr-008-streaming-cqrs-migration.md"
"KEEP","233","3","False","","01-architecture\adr\adr-009-centralized-error-handling.md"
"ARCHIVE","308","2","True","legacy","01-architecture\adr\adr-010-security-headers-middleware.md"
"REMOVE-CODE","336","8","False","","01-architecture\adr\adr-011-cors-whitelist-headers.md"
"REMOVE-CODE","401","10","False","","01-architecture\adr\adr-012-fluentvalidation-cqrs.md"
"ARCHIVE","576","9","True","deprecated","01-architecture\adr\adr-013-nswag-typescript-generation.md"
"ARCHIVE","327","5","True","legacy","01-architecture\adr\adr-014-nswag-msbuild-removal.md"
"KEEP","182","3","False","","01-architecture\adr\adr-018-postgresql-fts-for-shared-catalog.md"
"ARCHIVE","200","4","True","no longer","01-architecture\adr\adr-019-shared-catalog-delete-workflow.md"
"REMOVE-CODE","157","6","False","","01-architecture\adr\adr-020-valueobject-record-evaluation.md"
"KEEP","432","1","False","","01-architecture\adr\adr-021-auto-configuration-system.md"
"REMOVE-CODE","246","4","False","","01-architecture\adr\adr-022-ssr-auth-protection.md"
"REMOVE-CODE","302","5","False","","01-architecture\adr\adr-023-share-request-workflow.md"
"REMOVE-CODE","900","19","False","","01-architecture\adr\adr-024-advanced-pdf-embedding-pipeline.md"
"KEEP","87","0","False","","01-architecture\adr\adr-025-shared-catalog-bounded-context.md"
"REMOVE-CODE","154","5","False","","01-architecture\adr\adr-026-document-collections.md"
"ARCHIVE","281","6","True","legacy","01-architecture\adr\adr-027-infrastructure-services-policy.md"
"ARCHIVE","149","0","True","deprecated","01-architecture\adr\adr-040-hyperdx-observability.md"
"ARCHIVE","90","0","True","deprecated","01-architecture\adr\adr-041-meeple-card-universal-system.md"
"KEEP","76","0","False","","01-architecture\adr\adr-042-dashboard-performance.md"
"ARCHIVE","107","0","True","deprecated","01-architecture\adr\README.md"
"ARCHIVE","2293","18","True","legacy","01-architecture\components\class-architecture.md"
"REMOVE-CODE","319","9","False","","01-architecture\components\confidence-validation.md"
"ARCHIVE","515","7","True","historical","01-architecture\components\pdf-extraction-alternatives.md"
"ARCHIVE","1405","54","True","legacy","01-architecture\components\shared-game-catalog-spec.md"
"REMOVE-CODE","534","8","False","","01-architecture\components\agent-lightning\architecture.md"
"REMOVE-CODE","692","5","False","","01-architecture\components\agent-lightning\examples.md"
"REMOVE-CODE","489","9","False","","01-architecture\components\agent-lightning\integration-guide.md"
"REMOVE-CODE","862","10","False","","01-architecture\components\agent-lightning\openrouter-guide.md"
"REMOVE-CODE","362","4","False","","01-architecture\components\agent-lightning\quickstart.md"
"ARCHIVE","725","3","True","evolution","01-architecture\components\amplifier\architecture-overview.md"
"COMPRESS","554","0","False","","01-architecture\components\amplifier\developer-workflow.md"
"ARCHIVE","994","13","True","legacy","01-architecture\components\amplifier\meepleai-examples.md"
"ARCHIVE","453","18","True","legacy","01-architecture\ddd\ddd-migration-pattern-guide.md"
"REMOVE-CODE","232","10","False","","01-architecture\ddd\quick-reference.md"
"COMPRESS","560","0","False","","01-architecture\diagrams\bounded-contexts-interactions.md"
"KEEP","284","0","False","","01-architecture\diagrams\cqrs-mediatr-flow.md"
"COMPRESS","649","0","False","","01-architecture\diagrams\github-actions-flow.md"
"KEEP","171","0","False","","01-architecture\diagrams\infrastructure-overview.md"
"KEEP","378","1","False","","01-architecture\diagrams\pdf-pipeline-detailed.md"
"KEEP","445","1","False","","01-architecture\diagrams\rag-system-detailed.md"
"ARCHIVE","268","0","True","legacy","01-architecture\diagrams\README.md"
"ARCHIVE","1367","1","True","evolution","01-architecture\overview\product-specification.md"
"ARCHIVE","926","8","True","evolution","01-architecture\overview\system-architecture.md"
"ARCHIVE","183","1","True","historical","02-development\admin-dashboard-guide.md"
"KEEP","256","2","False","","02-development\azul-test-instructions.md"
"KEEP","152","1","False","","02-development\bgg-api-token-setup.md"
"KEEP","175","3","False","","02-development\bgg-import-queue-implementation.md"
"KEEP","142","0","False","","02-development\branch-protection-setup.md"
"COMPRESS","523","1","False","","02-development\configuration-values-guide.md"
"KEEP","261","0","False","","02-development\docker-services-test-urls.md"
"REMOVE-CODE","266","6","False","","02-development\documentation-tools-guide.md"
"REMOVE-CODE","201","4","False","","02-development\git-hooks-configuration.md"
"ARCHIVE","418","3","True","legacy","02-development\git-parallel-development.md"
"COMPRESS","767","0","False","","02-development\git-workflow.md"
"KEEP","55","0","False","","02-development\implementa-workflow.md"
"COMPRESS","851","2","False","","02-development\local-environment-startup-guide.md"
"KEEP","231","0","False","","02-development\local-secrets-setup.md"
"ARCHIVE","1299","12","True","legacy","02-development\operational-guide.md"
"REMOVE-CODE","501","5","False","","02-development\poc-agent-search-strategy-spec.md"
"REMOVE-CODE","311","4","False","","02-development\poc-testing-instructions.md"
"KEEP","241","0","False","","02-development\quick-start-guide.md"
"REMOVE-CODE","407","16","False","","02-development\README.md"
"REMOVE-CODE","763","32","False","","02-development\share-request-implementation.md"
"KEEP","486","0","False","","02-development\workflow-audit-report.md"
"ARCHIVE","47","0","True","evolution","02-development\agent-architecture\01-context-engineering.md"
"REMOVE-CODE","181","6","False","","02-development\agent-architecture\02-tutor-agent.md"
"KEEP","92","3","False","","02-development\agent-architecture\03-arbitro-agent.md"
"KEEP","73","1","False","","02-development\agent-architecture\04-decisore-agent.md"
"KEEP","61","2","False","","02-development\agent-architecture\05-orchestration.md"
"REMOVE-CODE","191","6","False","","02-development\agent-architecture\06-integration.md"
"REMOVE-CODE","204","7","False","","02-development\agent-architecture\07-testing.md"
"KEEP","161","1","False","","02-development\agent-architecture\08-quick-start.md"
"KEEP","195","3","False","","02-development\agent-architecture\10-beta-testing-guide.md"
"ARCHIVE","198","0","True","evolution","02-development\agent-architecture\README.md"
"COMPRESS","636","2","False","","02-development\docker\advanced-features.md"
"KEEP","469","0","False","","02-development\docker\clean-builds.md"
"COMPRESS","629","0","False","","02-development\docker\common-commands.md"
"KEEP","438","0","False","","02-development\docker\docker-profiles.md"
"KEEP","158","0","False","","02-development\docker\quick-start.md"
"KEEP","145","0","False","","02-development\docker\README.md"
"ARCHIVE","569","0","True","historical","02-development\docker\service-endpoints.md"
"COMPRESS","603","1","False","","02-development\docker\troubleshooting.md"
"KEEP","314","3","False","","02-development\features\play-records-implementation.md"
"KEEP","314","3","False","","02-development\features\play-sessions-implementation.md"
"KEEP","93","1","False","","02-development\migrations\context-engineering-rollback-testing.md"
"REMOVE-CODE","239","10","False","","02-development\migrations\tier-strategy-refactor.md"
"KEEP","133","1","False","","02-development\monitoring\cache-metrics.md"
"REMOVE-CODE","137","4","False","","02-development\monitoring\METRICS-LIMITATION.md"
"KEEP","226","0","False","","02-development\monitoring\session-cache-metrics.md"
"KEEP","78","2","False","","02-development\seeding\strategy-pattern-seeding.md"
"ARCHIVE","785","26","True","historical","03-api\health-check-api.md"
"ARCHIVE","305","7","True","evolution","03-api\multi-agent-system.md"
"REMOVE-CODE","557","16","False","","03-api\README.md"
"ARCHIVE","496","19","True","historical","03-api\bounded-contexts\game-management\play-records.md"
"REMOVE-CODE","495","19","False","","03-api\bounded-contexts\game-management\play-sessions.md"
"REMOVE-CODE","186","6","False","","03-api\endpoints\library-game-detail.md"
"KEEP","92","0","False","","03-api\rag\00-overview.md"
"REMOVE-CODE","241","6","False","","03-api\rag\02-layer1-routing.md"
"REMOVE-CODE","159","5","False","","03-api\rag\03-layer2-caching.md"
"REMOVE-CODE","102","4","False","","03-api\rag\04-layer3-retrieval.md"
"REMOVE-CODE","233","5","False","","03-api\rag\05-layer4-crag-evaluation.md"
"REMOVE-CODE","48","4","False","","03-api\rag\06-layer5-generation.md"
"REMOVE-CODE","68","4","False","","03-api\rag\07-layer6-validation.md"
"REMOVE-CODE","320","6","False","","03-api\rag\10-implementation-guide.md"
"KEEP","40","2","False","","03-api\rag\11-testing-strategy.md"
"REMOVE-CODE","57","4","False","","03-api\rag\12-monitoring-metrics.md"
"KEEP","54","0","False","","03-api\rag\13-deployment-rollout.md"
"REMOVE-CODE","257","10","False","","03-api\rag\14-admin-phase-model-config.md"
"REMOVE-CODE","606","15","False","","03-api\rag\15-technical-reference.md"
"KEEP","116","0","False","","03-api\rag\DELIVERABLES.md"
"ARCHIVE","982","16","True","evolution","03-api\rag\HOW-IT-WORKS.md"
"KEEP","77","0","False","","03-api\rag\rag-architecture-design-philosophy.md"
"KEEP","254","0","False","","03-api\rag\README.md"
"KEEP","149","0","False","","03-api\rag\SUMMARY.md"
"ARCHIVE","231","0","True","evolution","03-api\rag\appendix\A-research-sources.md"
"KEEP","220","0","False","","03-api\rag\appendix\C-token-cost-breakdown.md"
"KEEP","126","1","False","","03-api\rag\appendix\D-data-consistency-audit.md"
"ARCHIVE","180","0","True","legacy","03-api\rag\appendix\E-model-pricing-2026.md"
"ARCHIVE","286","6","True","replaced by","03-api\rag\appendix\F-calculation-formulas.md"
"REMOVE-CODE","310","8","False","","03-api\rag\appendix\G-admin-configuration-system.md"
"KEEP","371","1","False","","03-api\rag\diagrams\rag-flow-current.md"
"ARCHIVE","482","26","True","legacy","03-api\rag\plugins\migration-guide.md"
"REMOVE-CODE","675","28","False","","03-api\rag\plugins\pipeline-definition.md"
"REMOVE-CODE","719","27","False","","03-api\rag\plugins\plugin-contract.md"
"REMOVE-CODE","582","14","False","","03-api\rag\plugins\plugin-development-guide.md"
"KEEP","138","3","False","","03-api\rag\plugins\README.md"
"REMOVE-CODE","682","34","False","","03-api\rag\plugins\testing-guide.md"
"KEEP","389","1","False","","03-api\rag\plugins\visual-builder-guide.md"
"REMOVE-CODE","185","8","False","","03-api\rag\plugins\built-in-plugins\cache.md"
"REMOVE-CODE","234","8","False","","03-api\rag\plugins\built-in-plugins\evaluation.md"
"REMOVE-CODE","327","12","False","","03-api\rag\plugins\built-in-plugins\filter.md"
"REMOVE-CODE","247","11","False","","03-api\rag\plugins\built-in-plugins\generation.md"
"KEEP","83","0","False","","03-api\rag\plugins\built-in-plugins\README.md"
"REMOVE-CODE","195","8","False","","03-api\rag\plugins\built-in-plugins\retrieval.md"
"REMOVE-CODE","126","7","False","","03-api\rag\plugins\built-in-plugins\routing.md"
"REMOVE-CODE","205","8","False","","03-api\rag\plugins\built-in-plugins\transform.md"
"REMOVE-CODE","282","11","False","","03-api\rag\plugins\built-in-plugins\validation.md"
"KEEP","78","1","False","","03-api\rag\variants\01-semantic-cache.md"
"KEEP","97","1","False","","03-api\rag\variants\02-contextual-embeddings.md"
"KEEP","114","1","False","","03-api\rag\variants\03-metadata-filtering.md"
"KEEP","102","1","False","","03-api\rag\variants\04-cross-encoder-reranking.md"
"KEEP","124","1","False","","03-api\rag\variants\05-hybrid-search.md"
"KEEP","111","1","False","","03-api\rag\variants\06-advanced-rag.md"
"KEEP","122","1","False","","03-api\rag\variants\07-sentence-window.md"
"KEEP","109","1","False","","03-api\rag\variants\08-colbert-reranking.md"
"KEEP","102","1","False","","03-api\rag\variants\09-cot-rag.md"
"KEEP","129","1","False","","03-api\rag\variants\10-query-decomposition.md"
"KEEP","132","1","False","","03-api\rag\variants\11-iterative-rag.md"
"KEEP","181","1","False","","03-api\rag\variants\12-multi-agent-rag.md"
"KEEP","134","1","False","","03-api\rag\variants\13-rag-fusion.md"
"KEEP","118","1","False","","03-api\rag\variants\14-step-back-prompting.md"
"KEEP","128","2","False","","03-api\rag\variants\15-query-expansion.md"
"KEEP","174","1","False","","03-api\rag\variants\adaptive-rag.md"
"ARCHIVE","119","1","True","evolution","03-api\rag\variants\advanced-rag.md"
"KEEP","149","1","False","","03-api\rag\variants\agentic-rag.md"
"KEEP","120","1","False","","03-api\rag\variants\chain-of-thought-rag.md"
"KEEP","122","1","False","","03-api\rag\variants\colbert-reranking.md"
"KEEP","136","1","False","","03-api\rag\variants\context-compression.md"
"KEEP","151","1","False","","03-api\rag\variants\contextual-embeddings.md"
"KEEP","179","1","False","","03-api\rag\variants\crag-corrective.md"
"KEEP","135","1","False","","03-api\rag\variants\cross-encoder-reranking.md"
"KEEP","117","1","False","","03-api\rag\variants\dual-encoder-multi-hop.md"
"KEEP","109","1","False","","03-api\rag\variants\ensemble-rag.md"
"KEEP","122","1","False","","03-api\rag\variants\few-shot-rag.md"
"KEEP","86","1","False","","03-api\rag\variants\fusion-in-decoder.md"
"ARCHIVE","141","1","True","evolution","03-api\rag\variants\graph-rag.md"
"KEEP","136","1","False","","03-api\rag\variants\hierarchical-rag.md"
"KEEP","156","1","False","","03-api\rag\variants\hybrid-search.md"
"KEEP","116","1","False","","03-api\rag\variants\hyde.md"
"KEEP","152","1","False","","03-api\rag\variants\hypothetical-questions-rag.md"
"KEEP","175","1","False","","03-api\rag\variants\iterative-rag.md"
"KEEP","170","1","False","","03-api\rag\variants\memory-cache.md"
"KEEP","147","1","False","","03-api\rag\variants\metadata-filtering.md"
"KEEP","179","1","False","","03-api\rag\variants\modular-rag.md"
"KEEP","171","1","False","","03-api\rag\variants\multi-agent-rag.md"
"KEEP","138","1","False","","03-api\rag\variants\multi-query-rewriting.md"
"KEEP","142","1","False","","03-api\rag\variants\multimodal-rag.md"
"KEEP","117","1","False","","03-api\rag\variants\naive-rag.md"
"KEEP","127","1","False","","03-api\rag\variants\query-decomposition.md"
"KEEP","110","1","False","","03-api\rag\variants\query-expansion.md"
"KEEP","159","1","False","","03-api\rag\variants\rag-fusion.md"
"KEEP","66","0","False","","03-api\rag\variants\raptor.md"
"KEEP","100","0","False","","03-api\rag\variants\README.md"
"KEEP","125","1","False","","03-api\rag\variants\rq-rag.md"
"KEEP","182","1","False","","03-api\rag\variants\self-rag.md"
"KEEP","158","1","False","","03-api\rag\variants\semantic-cache.md"
"KEEP","147","1","False","","03-api\rag\variants\sentence-window.md"
"KEEP","54","0","False","","03-api\rag\variants\speculative-rag.md"
"KEEP","125","1","False","","03-api\rag\variants\step-back-prompting.md"
"REMOVE-CODE","387","10","False","","03-api\session-tracking\sse-integration.md"
"KEEP","115","0","False","","04-admin\rag-tier-strategy-config.md"
"COMPRESS","653","0","False","","04-deployment\anonymous-volumes-investigation.md"
"COMPRESS","586","2","False","","04-deployment\auto-configuration-guide.md"
"REMOVE-CODE","196","6","False","","04-deployment\boardgamegeek-api-setup.md"
"REMOVE-CODE","777","5","False","","04-deployment\capacity-planning.md"
"KEEP","402","0","False","","04-deployment\deployment-cheatsheet.md"
"KEEP","308","0","False","","04-deployment\deployment-quick-reference.md"
"COMPRESS","729","0","False","","04-deployment\deployment-workflows-guide.md"
"COMPRESS","1332","0","False","","04-deployment\docker-services-production-guide.md"
"ARCHIVE","436","0","True","deprecated","04-deployment\docker-versioning-guide.md"
"COMPRESS","691","0","False","","04-deployment\docker-volume-management.md"
"ARCHIVE","576","0","True","historical","04-deployment\domain-setup-guide.md"
"REMOVE-CODE","923","16","False","","04-deployment\email-totp-services.md"
"COMPRESS","649","0","False","","04-deployment\environments.md"
"COMPRESS","666","0","False","","04-deployment\github-alternatives-cost-optimization.md"
"KEEP","327","3","False","","04-deployment\health-checks.md"
"KEEP","270","1","False","","04-deployment\howto-secrets.md"
"ARCHIVE","1237","0","True","previously","04-deployment\infrastructure-cost-summary.md"
"COMPRESS","658","1","False","","04-deployment\infrastructure-deployment-checklist.md"
"COMPRESS","1269","3","False","","04-deployment\monitoring-setup-guide.md"
"KEEP","354","0","False","","04-deployment\NEW-GUIDES-INDEX.md"
"KEEP","363","0","False","","04-deployment\production-deployment-meepleai.md"
"REMOVE-CODE","360","5","False","","04-deployment\r2-storage-configuration-guide.md"
"COMPRESS","723","2","False","","04-deployment\README.md"
"KEEP","454","1","False","","04-deployment\secrets-management.md"
"KEEP","421","0","False","","04-deployment\setup-guide-balanced-beta.md"
"COMPRESS","1031","0","False","","04-deployment\setup-guide-self-hosted.md"
"KEEP","251","2","False","","04-deployment\shared-catalog-environment-config.md"
"KEEP","170","0","False","","04-deployment\shared-catalog-pre-deployment-checklist.md"
"REMOVE-CODE","316","4","False","","04-deployment\monitoring\health-check-oauth-report.md"
"KEEP","332","0","False","","04-deployment\runbooks\backup-restore.md"
"KEEP","266","0","False","","04-deployment\runbooks\disaster-recovery.md"
"KEEP","209","0","False","","04-deployment\runbooks\incident-response.md"
"KEEP","294","0","False","","04-deployment\runbooks\maintenance.md"
"KEEP","81","0","False","","04-deployment\runbooks\README.md"
"KEEP","383","0","False","","04-deployment\runbooks\scaling.md"
"KEEP","363","0","False","","04-deployment\runbooks\troubleshooting.md"
"KEEP","96","3","False","","04-features\feature-flags-tier-matrix.md"
"REMOVE-CODE","281","7","False","","04-features\game-session-toolkit.md"
"KEEP","198","0","False","","04-features\admin-dashboard-enterprise\EPICS-AND-ISSUES.md"
"KEEP","126","0","False","","04-features\admin-dashboard-enterprise\ISSUE-TRACKING.md"
"REMOVE-CODE","935","10","False","","04-features\admin-dashboard-enterprise\SPECIFICATION.md"
"KEEP","9","0","False","","04-features\admin-dashboard-enterprise\wireframe-philosophy.md"
"COMPRESS","544","0","False","","04-features\admin-game-import\epic-4136-breakdown.md"
"REMOVE-CODE","692","10","False","","04-features\private-games-proposal\DESIGN.md"
"KEEP","251","3","False","","04-features\private-games-proposal\IMPLEMENTATION-PLAN.md"
"KEEP","301","0","False","","04-features\private-games-proposal\ordine-dashboard-admin.md"
"KEEP","320","0","False","","04-features\private-games-proposal\ordineissue.md"
"KEEP","203","0","False","","04-features\private-games-proposal\USER-STORIES.md"
"KEEP","181","0","False","","04-infrastructure\s3-quickstart.md"
"KEEP","261","0","False","","04-infrastructure\s3-storage-operations-runbook.md"
"KEEP","494","2","False","","05-testing\accessibility-guidelines.md"
"REMOVE-CODE","377","7","False","","05-testing\admin-dashboard-performance-guide.md"
"REMOVE-CODE","292","9","False","","05-testing\admin-dashboard-visual-regression.md"
"ARCHIVE","981","10","True","historical","05-testing\ci-cd-pipeline.md"
"ARCHIVE","116","0","True","historical","05-testing\codecov-integration.md"
"KEEP","208","0","False","","05-testing\e2e-demo-workflow.md"
"KEEP","185","0","False","","05-testing\gst-mvp-qa-report.md"
"KEEP","197","0","False","","05-testing\i18n-testing-pattern.md"
"ARCHIVE","256","5","True","historical","05-testing\load-testing-baselines.md"
"KEEP","384","3","False","","05-testing\load-testing-guide.md"
"KEEP","270","1","False","","05-testing\performance-benchmarks.md"
"KEEP","274","2","False","","05-testing\performance-optimization-guide.md"
"REMOVE-CODE","468","22","False","","05-testing\playwright-best-practices.md"
"KEEP","146","2","False","","05-testing\rag-001-results.md"
"KEEP","33","0","False","","05-testing\rag-validation-20q.md"
"KEEP","68","0","False","","05-testing\README.md"
"KEEP","306","1","False","","05-testing\ui-flow-coverage-analysis.md"
"REMOVE-CODE","273","8","False","","05-testing\visual-regression.md"
"REMOVE-CODE","728","5","False","","05-testing\backend\backend-e2-e-testing.md"
"REMOVE-CODE","476","9","False","","05-testing\backend\backend-testing-patterns.md"
"REMOVE-CODE","350","6","False","","05-testing\backend\integration-test-optimization.md"
"KEEP","179","0","False","","05-testing\backend\log-generation-test-plan.md"
"REMOVE-CODE","594","25","False","","05-testing\backend\oauth-testing.md"
"REMOVE-CODE","416","10","False","","05-testing\backend\test-data-builders.md"
"ARCHIVE","389","6","True","legacy","05-testing\backend\testcontainers-best-practices.md"
"REMOVE-CODE","272","6","False","","05-testing\backend\testcontainers-pdf-services.md"
"REMOVE-CODE","374","4","False","","05-testing\e2e\background-rulebook-analysis-manual-testing.md"
"KEEP","415","1","False","","05-testing\e2e\e2-e-test-guide.md"
"REMOVE-CODE","327","15","False","","05-testing\e2e\e2e-selector-best-practices.md"
"REMOVE-CODE","585","5","False","","05-testing\e2e\playwright-report-guide.md"
"ARCHIVE","336","9","True","previously","05-testing\e2e\rulebook-analysis-manual-testing.md"
"REMOVE-CODE","1123","10","False","","05-testing\frontend\frontend-testing-patterns.md"
"KEEP","157","1","False","","05-testing\frontend\windows-vitest-troubleshooting.md"
"REMOVE-CODE","158","4","False","","05-testing\performance\vector-embedding-performance.md"
"KEEP","157","0","False","","06-security\2026-Q1-security-review.md"
"REMOVE-CODE","458","24","False","","06-security\owasp-top-10-compliance.md"
"KEEP","59","0","False","","06-security\README.md"
"KEEP","257","1","False","","06-security\security-review-template.md"
"REMOVE-CODE","187","5","False","","06-security\totp-vulnerability-analysis.md"
"KEEP","458","2","False","","07-frontend\dashboard-collection-centric-option-a.md"
"KEEP","259","1","False","","07-frontend\dashboard-hub-implementation-plan.md"
"ARCHIVE","240","1","True","legacy","07-frontend\DASHBOARD-HUB-INDEX.md"
"ARCHIVE","239","1","True","legacy","07-frontend\DASHBOARD-HUB-QUICK-REFERENCE.md"
"KEEP","368","1","False","","07-frontend\dashboard-overview-hub.md"
"REMOVE-CODE","332","6","False","","07-frontend\game-session-toolkit-technical.md"
"KEEP","255","0","False","","07-frontend\README.md"
"KEEP","297","0","False","","07-frontend\storybook-guide.md"
"REMOVE-CODE","296","4","False","","07-frontend\epics\epic-ai-insights-recommendations.md"
"KEEP","352","2","False","","07-frontend\epics\epic-dashboard-hub-core.md"
"KEEP","271","3","False","","07-frontend\epics\epic-gamification-advanced-features.md"
"REMOVE-CODE","377","4","False","","07-frontend\epics\EPIC-GC-001-game-carousel-integration.md"
"KEEP","144","0","False","","07-frontend\epics\EPIC-GC-001-SUMMARY.md"
"ARCHIVE","130","3","True","previously","07-frontend\epics\issues\GC-001-api-integration.md"
"REMOVE-CODE","186","4","False","","07-frontend\epics\issues\GC-002-sorting-controls.md"
"KEEP","215","3","False","","07-frontend\epics\issues\GC-003-homepage-integration.md"
"REMOVE-CODE","291","10","False","","07-frontend\epics\issues\GC-004-storybook.md"
"REMOVE-CODE","237","8","False","","07-frontend\epics\issues\GC-005-testing.md"
"KEEP","259","1","False","","07-frontend\epics\issues\GC-006-documentation.md"
"KEEP","271","0","False","","08-infrastructure\README.md"
"KEEP","420","3","False","","08-infrastructure\s3-storage-options.md"
"REMOVE-CODE","640","19","False","","09-bounded-contexts\administration.md"
"REMOVE-CODE","1196","40","False","","09-bounded-contexts\authentication.md"
"ARCHIVE","179","0","True","previously","09-bounded-contexts\diagram-summary.md"
"REMOVE-CODE","702","23","False","","09-bounded-contexts\document-processing.md"
"ARCHIVE","1266","38","True","historical","09-bounded-contexts\game-management.md"
"ARCHIVE","1594","53","True","replaced by","09-bounded-contexts\knowledge-base.md"
"REMOVE-CODE","241","6","False","","09-bounded-contexts\README.md"
"REMOVE-CODE","478","18","False","","09-bounded-contexts\session-tracking.md"
"REMOVE-CODE","788","21","False","","09-bounded-contexts\shared-game-catalog.md"
"REMOVE-CODE","393","14","False","","09-bounded-contexts\system-configuration.md"
"REMOVE-CODE","661","22","False","","09-bounded-contexts\user-library.md"
"REMOVE-CODE","291","8","False","","09-bounded-contexts\user-notifications.md"
"REMOVE-CODE","241","9","False","","09-bounded-contexts\workflow-integration.md"
"KEEP","151","0","False","","09-bounded-contexts\diagrams\INDEX.md"
"ARCHIVE","147","0","True","legacy","09-bounded-contexts\diagrams\README.md"
"KEEP","416","0","False","","10-user-guides\admin-shared-games-management.md"
"KEEP","297","0","False","","10-user-guides\share-game-guide.md"
"COMPRESS","632","0","False","","10-user-guides\share-requests-admin-guide.md"
"KEEP","86","0","False","","10-user-guides\images\README.md"
"ARCHIVE","877","0","True","no longer","11-user-flows\COMPLETE-TEST-FLOWS.md"
"KEEP","469","0","False","","11-user-flows\game-session-toolkit-flows.md"
"KEEP","258","2","False","","11-user-flows\gap-analysis.md"
"KEEP","96","0","False","","11-user-flows\README.md"
"REMOVE-CODE","364","6","False","","11-user-flows\admin-role\01-approval-workflow.md"
"REMOVE-CODE","464","5","False","","11-user-flows\admin-role\02-user-management.md"
"ARCHIVE","353","1","True","no longer","11-user-flows\admin-role\03-system-configuration.md"
"KEEP","431","1","False","","11-user-flows\admin-role\04-monitoring.md"
"KEEP","437","0","False","","11-user-flows\diagrams\core-flows.md"
"ARCHIVE","416","5","True","no longer","11-user-flows\editor-role\01-game-management.md"
"KEEP","360","3","False","","11-user-flows\editor-role\02-document-management.md"
"REMOVE-CODE","365","4","False","","11-user-flows\editor-role\03-content-management.md"
"ARCHIVE","250","3","True","historical","11-user-flows\editor-role\04-publication-workflow.md"
"COMPRESS","548","2","False","","11-user-flows\user-role\01-authentication.md"
"KEEP","454","3","False","","11-user-flows\user-role\02-game-discovery.md"
"REMOVE-CODE","551","6","False","","11-user-flows\user-role\03-library-management.md"
"REMOVE-CODE","495","5","False","","11-user-flows\user-role\04-ai-chat.md"
"ARCHIVE","552","7","True","historical","11-user-flows\user-role\05-game-sessions.md"
"REMOVE-CODE","480","8","False","","claudedocs\decisore-implementation-plan.md"
"KEEP","201","1","False","","claudedocs\issue-3709-agent-builder-plan.md"
"REMOVE-CODE","575","13","False","","claudedocs\issue-3770-move-generator-plan.md"
"KEEP","364","0","False","","claudedocs\open-issues-categorization.md"
"KEEP","166","0","False","","claudedocs\session-2026-02-12-summary.md"
"COMPRESS","650","2","False","","claudedocs\ui-test-plan.md"
"REMOVE-CODE","663","31","False","","frontend\layout-components.md"
"REMOVE-CODE","365","5","False","","frontend\layout-spec.md"
"COMPRESS","590","0","False","","frontend\layout-wireframes.md"
"KEEP","125","0","False","","frontend\README.md"
"ARCHIVE","345","4","True","historical","frontend\components\batch-jobs.md"
"KEEP","312","2","False","","frontend\components\game-carousel.md"
"ARCHIVE","406","0","True","deprecated","frontend\components\meeple-card.md"
"ARCHIVE","344","19","True","legacy","frontend\migrations\DASHBOARD-HUB-MIGRATION-GUIDE.md"
"ARCHIVE","213","1","True","historical","pdca\admin-dashboard\act.md"
"KEEP","81","1","False","","pdca\admin-dashboard\backend-verification-summary.md"
"KEEP","152","0","False","","pdca\admin-dashboard\check.md"
"KEEP","59","0","False","","pdca\admin-dashboard\do.md"
"KEEP","237","0","False","","pdca\admin-dashboard\final-summary.md"
"KEEP","144","1","False","","pdca\admin-dashboard\phase3-complete.md"
"KEEP","223","0","False","","pdca\admin-dashboard\plan.md"
"REMOVE-CODE","200","9","False","","pdca\admin-dashboard\schema-mapping.md"
"KEEP","79","0","False","","pdca\epic-4136\do.md"
"KEEP","167","0","False","","pdca\epic-4136\EXECUTION_QUICK_START.md"
"KEEP","238","0","False","","pdca\epic-4136\plan.md"
"KEEP","117","0","False","","pdca\epic-4136\README.md"
"KEEP","99","0","False","","temp\epic-entity-list-view.md"
"KEEP","366","3","False","","temp\issue-phase1-foundation.md"
"REMOVE-CODE","241","5","False","","temp\issue-phase2-view-modes.md"
"REMOVE-CODE","266","5","False","","temp\issue-phase3-search-sort.md"
"KEEP","298","3","False","","temp\issue-phase4-filters.md"
"REMOVE-CODE","274","4","False","","temp\issue-phase5-polish.md"
"ARCHIVE","619","11","True","deprecated","temp\issue-phase6-dashboard.md"
"REMOVE-CODE","297","9","False","","templates\api-reference-template.md"
"KEEP","181","0","False","","templates\architecture-template.md"
"REMOVE-CODE","233","9","False","","templates\bounded-context-template.md"
"KEEP","198","0","False","","templates\TEAM-INSTRUCTIONS.md"
